{"cameraMode":{"drawMode":0,"name":"Shaded","section":"Shading Mode"},"sceneLighting":false,"audioPlay":false,"sceneViewState":{"m_AlwaysRefresh":false,"showFog":false,"showSkybox":false,"showFlares":false,"showImageEffects":false,"showParticleSystems":false,"showVisualEffectGraphs":true,"m_FxEnabled":false},"in2DMode":false,"pivot":{"x":-0.40903204679489138,"y":1.1058931350708008,"z":-0.33029210567474368},"rotation":{"x":0.016040457412600519,"y":0.919975221157074,"z":-0.3898370563983917,"w":0.03784659132361412},"size":0.9668055176734924,"orthographic":false}